{
    "clavicle_l": {
        "r": [
            52.011541262990484, 
            87.25837070952335, 
            41.61964873750528
        ]
    }, 
    "clavicle_r": {
        "r": [
            52.011541262990235, 
            87.25837070952332, 
            -138.38037186042834
        ]
    }, 
    "hand_l": {
        "r": [
            -94.05594749650459, 
            3.295341462925102, 
            0.10190546770825426
        ]
    }, 
    "hand_r": {
        "r": [
            -94.05594749650459, 
            3.295341462925104, 
            0.10190546770822578
        ]
    }, 
    "index_01_l": {
        "r": [
            7.478855348239372, 
            1.22532841085194, 
            22.800485695647478
        ]
    }, 
    "index_01_r": {
        "r": [
            7.478855348239378, 
            1.225328410851912, 
            22.800485695647417
        ]
    }, 
    "index_02_l": {
        "r": [
            0.1497062577249278, 
            0.7870852371311605, 
            10.76956757435049
        ]
    }, 
    "index_02_r": {
        "r": [
            0.14970625772491167, 
            0.7870852371311556, 
            10.769567574350493
        ]
    }, 
    "index_03_l": {
        "r": [
            -0.06731695705112242, 
            -0.7983623056880411, 
            3.0462537183786607
        ]
    }, 
    "index_03_r": {
        "r": [
            -0.06731695705112561, 
            -0.7983623056880497, 
            3.0462537183786553
        ]
    }, 
    "lowerarm_l": {
        "r": [
            0.9039583329247542, 
            -1.1321132408820898, 
            -31.442278886849536
        ]
    }, 
    "lowerarm_r": {
        "r": [
            0.9039583329247447, 
            -1.1321132408820742, 
            -31.442278886849497
        ]
    }, 
    "lowerarm_twist_01_l": {
        "r": [
            0.0, 
            -3.1805546814635168e-15, 
            1.5902773407317584e-15
        ]
    }, 
    "lowerarm_twist_01_r": {
        "r": [
            9.541664044390547e-15, 
            3.180554681463516e-15, 
            -1.590277340731758e-14
        ]
    }, 
    "lowerarm_twist_02_l": {
        "r": [
            0.0, 
            -3.1805546814635168e-15, 
            1.5902773407317584e-15
        ]
    }, 
    "lowerarm_twist_02_r": {
        "r": [
            9.541664044390547e-15, 
            3.180554681463516e-15, 
            -1.590277340731758e-14
        ]
    }, 
    "middle_01_l": {
        "r": [
            0.3766527868096216, 
            -0.8517868382237029, 
            13.888262637116092
        ]
    }, 
    "middle_01_r": {
        "r": [
            0.3766527868096312, 
            -0.8517868382237177, 
            13.88826263711606
        ]
    }, 
    "middle_02_l": {
        "r": [
            -2.0514920257231326, 
            -3.2833249146277925, 
            12.405129641064404
        ]
    }, 
    "middle_02_r": {
        "r": [
            -2.051492025723136, 
            -3.2833249146278076, 
            12.405129641064363
        ]
    }, 
    "middle_03_l": {
        "r": [
            1.0793303419263636, 
            -2.0892529576436454, 
            6.100004285439876
        ]
    }, 
    "middle_03_r": {
        "r": [
            1.079330341926376, 
            -2.089252957643648, 
            6.100004285439876
        ]
    }, 
    "pinky_01_l": {
        "r": [
            -28.70320751738644, 
            -17.385014271622854, 
            37.47885571214883
        ]
    }, 
    "pinky_01_r": {
        "r": [
            -28.703207517386428, 
            -17.38501427162291, 
            37.478855712148764
        ]
    }, 
    "pinky_02_l": {
        "r": [
            0.4441072609341492, 
            -0.003478708904739403, 
            0.448781840148957
        ]
    }, 
    "pinky_02_r": {
        "r": [
            0.44410726093414676, 
            -0.003478708904724917, 
            0.4487818401489579
        ]
    }, 
    "pinky_03_l": {
        "r": [
            -0.1403553862032159, 
            -1.1175425019391243, 
            14.316480574980199
        ]
    }, 
    "pinky_03_r": {
        "r": [
            -0.1403539036409613, 
            -1.117542472963576, 
            14.31648055996691
        ]
    }, 
    "ring_01_l": {
        "r": [
            -19.53200210267608, 
            -8.982179086388024, 
            30.617896787924288
        ]
    }, 
    "ring_01_r": {
        "r": [
            -19.532002102676092, 
            -8.982179086388065, 
            30.617896787924256
        ]
    }, 
    "ring_02_l": {
        "r": [
            5.565970692561154e-15, 
            7.789874161240722e-15, 
            6.324439701262507
        ]
    }, 
    "ring_02_r": {
        "r": [
            2.385416011097638e-14, 
            1.4610673067973048e-14, 
            6.3244397012624765
        ]
    }, 
    "ring_03_l": {
        "r": [
            6.36110936292703e-15, 
            2.5643222119299598e-14, 
            9.712056595918215
        ]
    }, 
    "ring_03_r": {
        "r": [
            2.7034714792439875e-14, 
            2.1667528767470204e-14, 
            9.712056595918199
        ]
    }, 
    "thumb_01_l": {
        "r": [
            96.09587513026355, 
            32.93085673765673, 
            28.84842028170015
        ]
    }, 
    "thumb_01_r": {
        "r": [
            96.09587513026361, 
            32.930856737656754, 
            28.84842028170016
        ]
    }, 
    "thumb_02_l": {
        "r": [
            -9.696083396826314, 
            -0.4143708998615902, 
            12.710974812445585
        ]
    }, 
    "thumb_02_r": {
        "r": [
            -9.696081681827874, 
            -0.4143710876905149, 
            12.710974790897046
        ]
    }, 
    "thumb_03_l": {
        "r": [
            1.3012681098784702, 
            1.5312592048558467, 
            -1.5993230654204496
        ]
    }, 
    "thumb_03_r": {
        "r": [
            1.3012662964117283, 
            1.531258967021304, 
            -1.5993231984521048
        ]
    }, 
    "upperarm_l": {
        "r": [
            1.6706869121320376, 
            49.400553867438695, 
            -7.7254417269817015
        ]
    }, 
    "upperarm_r": {
        "r": [
            1.6706869121315724, 
            49.400553867438624, 
            -7.725441726982046
        ]
    }, 
    "upperarm_twist_01_l": {
        "r": [
            3.1805546814635156e-15, 
            -2.8624992133171654e-14, 
            7.951386703658791e-16
        ]
    }, 
    "upperarm_twist_01_r": {
        "r": [
            3.180554681463515e-15, 
            0.0, 
            2.3854160110976364e-15
        ]
    }, 
    "upperarm_twist_02_l": {
        "r": [
            3.1805546814635156e-15, 
            -2.8624992133171654e-14, 
            7.951386703658791e-16
        ]
    }, 
    "upperarm_twist_02_r": {
        "r": [
            3.180554681463515e-15, 
            0.0, 
            2.3854160110976364e-15
        ]
    }, 
    "weapon_l": {
        "r": [
            104.3788406680561, 
            -24.012415513189683, 
            -58.08591727259056
        ]
    }
}