{
    "EyeLeft": {
        "r": [
            359.99864506178545, 
            -0.040298621731510664, 
            3.8604071861496534
        ]
    }, 
    "EyeLowerLidLeft": {
        "r": [
            0.0, 
            0.0, 
            0.0
        ]
    }, 
    "EyeUpperLidLeft": {
        "r": [
            0.0, 
            0.0, 
            0.0
        ]
    }, 
    "Gbin_EyeLowerLidRight": {
        "r": [
            0.0, 
            0.0, 
            0.0
        ]
    }, 
    "Gbin_EyeRight": {
        "r": [
            -359.9986450617901, 
            0.04029862173166469, 
            3.860407186149678
        ]
    }, 
    "Gbin_EyeUpperLidRight": {
        "r": [
            0.0, 
            0.0, 
            0.0
        ]
    }, 
    "Head": {
        "r": [
            0.0, 
            0.0, 
            0.0
        ]
    }, 
    "Hips": {
        "r": [
            2.8249000307521015e-30, 
            2.1628140860445778e-30, 
            2.981770013872047e-16
        ]
    }, 
    "JawLower": {
        "r": [
            0.0, 
            0.0, 
            0.0
        ]
    }, 
    "JawUpper": {
        "r": [
            0.0, 
            0.0, 
            0.0
        ]
    }, 
    "Mouth1LowerLeft": {
        "r": [
            0.0, 
            0.0, 
            0.0
        ]
    }, 
    "Mouth1LowerRight": {
        "r": [
            0.0, 
            0.0, 
            0.0
        ]
    }, 
    "Mouth1UpperLeft": {
        "r": [
            0.0, 
            0.0, 
            0.0
        ]
    }, 
    "Mouth1UpperRight": {
        "r": [
            0.0, 
            0.0, 
            0.0
        ]
    }, 
    "Mouth2LowerLeft": {
        "r": [
            0.0, 
            0.0, 
            0.0
        ]
    }, 
    "Mouth2LowerRight": {
        "r": [
            0.0, 
            0.0, 
            0.0
        ]
    }, 
    "Mouth2UpperLeft": {
        "r": [
            0.0, 
            0.0, 
            0.0
        ]
    }, 
    "Mouth2UpperRight": {
        "r": [
            0.0, 
            0.0, 
            0.0
        ]
    }, 
    "MouthCenterLower": {
        "r": [
            0.0, 
            0.0, 
            0.0
        ]
    }, 
    "MouthCenterUpper": {
        "r": [
            0.0, 
            0.0, 
            0.0
        ]
    }, 
    "MouthEndLowerLeft": {
        "r": [
            0.0, 
            0.0, 
            0.0
        ]
    }, 
    "MouthEndLowerRight": {
        "r": [
            0.0, 
            0.0, 
            0.0
        ]
    }, 
    "MouthEndUpperLeft": {
        "r": [
            0.0, 
            0.0, 
            0.0
        ]
    }, 
    "MouthEndUpperRight": {
        "r": [
            0.0, 
            0.0, 
            0.0
        ]
    }, 
    "Neck": {
        "r": [
            -2.7573955529408425e-21, 
            -9.460878080453463e-18, 
            1.987846675914698e-16
        ]
    }, 
    "Spine": {
        "r": [
            -1.3187364188409732e-18, 
            2.068960061268195e-16, 
            0.0
        ]
    }, 
    "clavicle_l": {
        "r": [
            52.011541262990484, 
            87.25837070952335, 
            41.61964873750528
        ]
    }, 
    "clavicle_r": {
        "r": [
            52.011541262990235, 
            87.25837070952332, 
            -138.38037186042834
        ]
    }, 
    "hand_l": {
        "r": [
            -94.05594749650459, 
            3.295341462925102, 
            0.10190546770825426
        ]
    }, 
    "hand_r": {
        "r": [
            -94.05594749650459, 
            3.295341462925104, 
            0.10190546770822578
        ]
    }, 
    "index_01_l": {
        "r": [
            7.478855348239372, 
            1.22532841085194, 
            22.800485695647478
        ]
    }, 
    "index_01_r": {
        "r": [
            7.478855348239378, 
            1.225328410851912, 
            22.800485695647417
        ]
    }, 
    "index_02_l": {
        "r": [
            0.1497062577249278, 
            0.7870852371311605, 
            10.76956757435049
        ]
    }, 
    "index_02_r": {
        "r": [
            0.14970625772491167, 
            0.7870852371311556, 
            10.769567574350493
        ]
    }, 
    "index_03_l": {
        "r": [
            -0.06731695705112242, 
            -0.798362305688041, 
            3.04625371837866
        ]
    }, 
    "index_03_r": {
        "r": [
            -0.06731695705112561, 
            -0.7983623056880496, 
            3.0462537183786553
        ]
    }, 
    "lowerarm_l": {
        "r": [
            0.9039583329247542, 
            -1.1321132408820898, 
            -31.442278886849536
        ]
    }, 
    "lowerarm_r": {
        "r": [
            0.9039583329247447, 
            -1.1321132408820742, 
            -31.442278886849497
        ]
    }, 
    "lowerarm_twist_01_l": {
        "r": [
            0.0, 
            -3.1805546814635168e-15, 
            1.5902773407317584e-15
        ]
    }, 
    "lowerarm_twist_01_r": {
        "r": [
            9.541664044390547e-15, 
            3.180554681463516e-15, 
            -1.590277340731758e-14
        ]
    }, 
    "lowerarm_twist_02_l": {
        "r": [
            0.0, 
            -3.1805546814635168e-15, 
            1.5902773407317584e-15
        ]
    }, 
    "lowerarm_twist_02_r": {
        "r": [
            9.541664044390547e-15, 
            3.180554681463516e-15, 
            -1.590277340731758e-14
        ]
    }, 
    "middle_01_l": {
        "r": [
            0.3766527868096216, 
            -0.8517868382237029, 
            13.888262637116092
        ]
    }, 
    "middle_01_r": {
        "r": [
            0.3766527868096312, 
            -0.8517868382237177, 
            13.88826263711606
        ]
    }, 
    "middle_02_l": {
        "r": [
            -2.0514920257231326, 
            -3.2833249146277925, 
            12.405129641064404
        ]
    }, 
    "middle_02_r": {
        "r": [
            -2.051492025723136, 
            -3.2833249146278076, 
            12.405129641064363
        ]
    }, 
    "middle_03_l": {
        "r": [
            1.0793303419263636, 
            -2.0892529576436454, 
            6.100004285439876
        ]
    }, 
    "middle_03_r": {
        "r": [
            1.079330341926376, 
            -2.089252957643648, 
            6.1000042854398755
        ]
    }, 
    "pinky_01_l": {
        "r": [
            -28.70320751738644, 
            -17.385014271622854, 
            37.47885571214883
        ]
    }, 
    "pinky_01_r": {
        "r": [
            -28.703207517386428, 
            -17.38501427162291, 
            37.478855712148764
        ]
    }, 
    "pinky_02_l": {
        "r": [
            0.4441072609341492, 
            -0.003478708904739403, 
            0.448781840148957
        ]
    }, 
    "pinky_02_r": {
        "r": [
            0.44410726093414676, 
            -0.003478708904724917, 
            0.4487818401489579
        ]
    }, 
    "pinky_03_l": {
        "r": [
            -0.1403553862032159, 
            -1.1175425019391243, 
            14.316480574980197
        ]
    }, 
    "pinky_03_r": {
        "r": [
            -0.1403539036409613, 
            -1.117542472963576, 
            14.31648055996691
        ]
    }, 
    "ring_01_l": {
        "r": [
            -19.53200210267608, 
            -8.982179086388024, 
            30.617896787924288
        ]
    }, 
    "ring_01_r": {
        "r": [
            -19.532002102676092, 
            -8.982179086388065, 
            30.617896787924256
        ]
    }, 
    "ring_02_l": {
        "r": [
            5.565970692561154e-15, 
            7.789874161240722e-15, 
            6.324439701262507
        ]
    }, 
    "ring_02_r": {
        "r": [
            2.385416011097638e-14, 
            1.4610673067973048e-14, 
            6.3244397012624765
        ]
    },