{
    "Head": {
        "r": [
            -5.731691360473633, 
            0.10257948935031891, 
            0.12171301990747452
        ]
    }, 
    "HeadEnd": {
        "r": [
            0.0, 
            -0.0, 
            0.0
        ]
    }, 
    "Hips": {
        "r": [
            0.0, 
            0.0, 
            0.0
        ]
    }, 
    "LIndex3End": {
        "r": [
            0.0, 
            -0.0, 
            0.0
        ]
    }, 
    "LMiddle3End": {
        "r": [
            0.0, 
            -0.0, 
            0.0
        ]
    }, 
    "LPinky3End": {
        "r": [
            0.0, 
            -0.0, 
            0.0
        ]
    }, 
    "LRing3End": {
        "r": [
            0.0, 
            -0.0, 
            0.0
        ]
    }, 
    "LThumb3End": {
        "r": [
            0.0, 
            -0.0, 
            0.0
        ]
    }, 
    "LToeEnd": {
        "r": [
            0.0, 
            -0.0, 
            0.0
        ]
    }, 
    "LeftArm": {
        "r": [
            -2.2376475021800593, 
            -2.387176490604332, 
            -45.21433808231016
        ]
    }, 
    "LeftFoot": {
        "r": [
            -1.6671928412584116, 
            -0.03880085356294523, 
            -2.655884328117753
        ]
    }, 
    "LeftForeArm": {
        "r": [
            -0.021103112650917036, 
            -36.649410277358875, 
            0.06323375030610365
        ]
    }, 
    "LeftHand": {
        "r": [
            18.07201671864995, 
            3.3718235232945224, 
            -8.199692628454008
        ]
    }, 
    "LeftHandIndex1": {
        "r": [
            -9.453896112281425, 
            3.094973355951443, 
            -17.09732544069602
        ]
    }, 
    "LeftHandIndex2": {
        "r": [
            -0.4209536722364419, 
            3.245621820885144, 
            -11.485832232667025
        ]
    }, 
    "LeftHandIndex3": {
        "r": [
            0.0, 
            0.0, 
            0.0
        ]
    }, 
    "LeftHandMiddle1": {
        "r": [
            -4.191768739366645, 
            4.604762942183359, 
            -18.933241464793248
        ]
    }, 
    "LeftHandMiddle2": {
        "r": [
            -0.05702692658293925, 
            -0.4690920869685111, 
            -19.661135077878004
        ]
    }, 
    "LeftHandMiddle3": {
        "r": [
            -0.018197615887351158, 
            -0.06635979774400896, 
            -2.849165824835779
        ]
    }, 
    "LeftHandPinky1": {
        "r": [
            -5.309151199985792, 
            13.299519876585562, 
            -25.03917598642145
        ]
    }, 
    "LeftHandPinky2": {
        "r": [
            1.4580971802126033, 
            -8.47569387440584, 
            -18.582513687002837
        ]
    }, 
    "LeftHandPinky3": {
        "r": [
            0.05578789239956578, 
            -1.5299694288463161, 
            -3.2701274798931412
        ]
    }, 
    "LeftHandRing1": {
        "r": [
            -4.791980502668132, 
            7.916292945423048, 
            -19.684036213425987
        ]
    }, 
    "LeftHandRing2": {
        "r": [
            1.3385059215168442, 
            -4.989580330263163, 
            -26.2566854442416
        ]
    }, 
    "LeftHandRing3": {
        "r": [
            0.06715773118188054, 
            -0.9167124486847701, 
            -4.620035402541115
        ]
    }, 
    "LeftHandThumb1": {
        "r": [
            -8.687960283187584, 
            -28.386394820582954, 
            -23.112480691593817
        ]
    }, 
    "LeftHandThumb2": {
        "r": [
            0.4844040658700089, 
            20.025187114337147, 
            6.4115241176808455
        ]
    }, 
    "LeftHandThumb3": {
        "r": [
            -0.0009286130841256911, 
            8.880002061176661, 
            -0.013137212426632551
        ]
    }, 
    "LeftLeg": {
        "r": [
            0.03638307767158215, 
            -0.0001370460554533567, 
            0.0005288181978530801
        ]
    }, 
    "LeftShoulder": {
        "r": [
            -0.08368334988954024, 
            1.2825695696876842, 
            -7.467651638113363
        ]
    }, 
    "LeftToeBase": {
        "r": [
            0.0, 
            0.0, 
            0.0
        ]
    }, 
    "LeftUpLeg": {
        "r": [
            1.640382465942641, 
            8.434955173009206, 
            2.831313069760426
        ]
    }, 
    "Neck": {
        "r": [
            0.0, 
            0.0, 
            0.0
        ]
    }, 
    "RIndex3End": {
        "r": [
            0.0, 
            -0.0, 
            0.0
        ]
    }, 
    "RMiddle3End": {
        "r": [
            0.0, 
            -0.0, 
            0.0
        ]
    }, 
    "RPinky3End": {
        "r": [
            0.0, 
            -0.0, 
            0.0
        ]
    }, 
    "RRing3End": {
        "r": [
            0.0, 
            -0.0, 
            0.0
        ]
    }, 
    "RThumb3End": {
        "r": [
            0.0, 
            -0.0, 
            0.0
        ]
    }, 
    "RToeEnd": {
        "r": [
            0.0, 
            -0.0, 
            0.0
        ]
    }, 
    "RightArm": {
        "r": [
            -2.238223042277823, 
            2.387473053354326, 
            45.21227515519383
        ]
    }, 
    "RightFoot": {
        "r": [
            -1.685247704075335, 
            0.03936778016888312, 
            2.655881532639189
        ]
    }, 
    "RightForeArm": {
        "r": [
            -0.020245624611683836, 
            36.64866344029967, 
            -0.0626463312852383
        ]
    }, 
    "RightHand": {
        "r": [
            18.071916673310287, 
            -3.3721789950454317, 
            8.199652706756922
        ]
    }, 
    "RightHandIndex1": {
        "r": [
            -9.452085350429517, 
            -3.0168025375174548, 
            17.106228178417645
        ]
    }, 
    "RightHandIndex2": {
        "r": [
            -0.4372069735347875, 
            -3.2434836637928854, 
            11.486260096118933
        ]
    }, 
    "RightHandIndex3": {
        "r": [
            0.0, 
            0.0, 
            0.0
        ]
    }, 
    "RightHandMiddle1": {
        "r": [
            -4.1909400640138195, 
            -4.493343833086881, 
            18.922453018645243
        ]
    }, 
    "RightHandMiddle2": {
        "r": [
            -0.09466423756829759, 
            0.47561412110799395, 
            19.660695636768512
        ]
    }, 
    "RightHandMiddle3": {
        "r": [
            -0.023763727140813228, 
            0.06649078339543076, 
            2.849113430505933
        ]
    }, 
    "RightHandPinky1": {
        "r": [
            -6.002324356972176, 
            -20.01473428796588, 
            23.76192139250594
        ]
    }, 
    "RightHandPinky2": {
        "r": [
            3.227973783851904, 
            7.873571553362672, 
            18.73961303361269
        ]
    }, 
    "RightHandPinky3": {
        "r": [
            0.380128534588984, 
            1.4658809465241904, 
            3.281978978048939
        ]
    }, 
    "RightHandRing1": {
        "r": [
            -4.75470879922417, 
            -7.483557869949566, 
            19.55850629422653
        ]
    }, 
    "RightHandRing2": {
        "r": [
            1.1377110019794925, 
            5.045963583548176, 
            26.24715769013343
        ]
    }, 
    "RightHandRing3": {
        "r": [
            0.030274015752754905, 
            0.9198733191816706, 
            4.619502531050485
        ]
    }, 
    "RightHandThumb1": {
        "r": [
            -9.29318035156024, 
            34.57573219684512, 
            21.95414615720469
        ]
    }, 
    "RightHandThumb2": {
        "r": [
            1.2084481389603479, 
            -19.985535781918433, 
            -6.571695922114559
        ]
    },