{
    "Head": {
        "r": [
            -1.6675238612151588e-06,
            3.084928312802049e-09,
            1.7075393543564132e-06
        ]
    },
    "HeadEnd": {
        "r": [
            0.0,
            0.0,
            0.0
        ]
    },
    "Hips": {
        "r": [
            -3.602647304534912,
            5.3674781952395285e-08,
            1.7067034150386462e-06
        ]
    },
    "LIndex3End": {
        "r": [
            0.0,
            0.0,
            0.0
        ]
    },
    "LMiddle3End": {
        "r": [
            0.0,
            0.0,
            0.0
        ]
    },
    "LPinky3End": {
        "r": [
            0.0,
            0.0,
            0.0
        ]
    },
    "LRing3End": {
        "r": [
            0.0,
            0.0,
            0.0
        ]
    },
    "LThumb3End": {
        "r": [
            0.0,
            0.0,
            0.0
        ]
    },
    "LToeEnd": {
        "r": [
            0.0,
            0.0,
            0.0
        ]
    },
    "LeftArm": {
        "r": [
            3.7289915084838863,
            -17.729341506958008,
            -41.833316802978516
        ]
    },
    "LeftFoot": {
        "r": [
            -3.0186336040496826,
            -7.480016231536865,
            -0.9151539206504822
        ]
    },
    "LeftForeArm": {
        "r": [
            -4.7410993576049805,
            -33.66184616088867,
            15.581345558166502
        ]
    },
    "LeftHand": {
        "r": [
            -12.946249961853027,
            -0.4668567180633545,
            -11.07390022277832
        ]
    },
    "LeftHandIndex1": {
        "r": [
            7.711871147155761,
            6.327713966369629,
            -12.279396057128906
        ]
    },
    "LeftHandIndex2": {
        "r": [
            -0.10099329799413681,
            1.3805829286575317,
            -11.636244773864746
        ]
    },
    "LeftHandIndex3": {
        "r": [
            -2.156596110580722e-06,
            -0.06130073592066765,
            0.0038235737010836606
        ]
    },
    "LeftHandMiddle1": {
        "r": [
            -4.602907180786133,
            8.469050407409668,
            -15.94983386993408
        ]
    },
    "LeftHandMiddle2": {
        "r": [
            -0.35000064969062805,
            2.155900001525879,
            -19.041397094726562
        ]
    },
    "LeftHandMiddle3": {
        "r": [
            -0.020423686131834984,
            0.6146067380905151,
            -2.7918853759765625
        ]
    },
    "LeftHandPinky1": {
        "r": [
            -28.63825798034668,
            17.823911666870117,
            -17.382122039794922
        ]
    },
    "LeftHandPinky2": {
        "r": [
            -0.5931448340415955,
            2.9625954627990723,
            -20.090415954589844
        ]
    },
    "LeftHandPinky3": {
        "r": [
            -0.017973504960536957,
            0.5374508500099182,
            -3.210513114929199
        ]
    },
    "LeftHandRing1": {
        "r": [
            -14.586124420166016,
            11.140493392944336,
            -13.446199417114258
        ]
    },
    "LeftHandRing2": {
        "r": [
            -0.790678083896637,
            3.116755723953247,
            -26.20931625366211
        ]
    },
    "LeftHandRing3": {
        "r": [
            -0.05538618937134743,
            1.009979486465454,
            -4.531359672546387
        ]
    },
    "LeftHandThumb1": {
        "r": [
            82.68228912353516,
            -30.10455513000488,
            -24.849346160888672
        ]
    },
    "LeftHandThumb2": {
        "r": [
            -1.471372127532959,
            9.008395195007324,
            -19.21272087097168
        ]
    },
    "LeftHandThumb3": {
        "r": [
            -0.05519041419029236,
            0.9772081971168519,
            -8.350071907043457
        ]
    },
    "LeftLeg": {
        "r": [
            4.426409721374512,
            1.608467698097229,
            0.12423966079950333
        ]
    },
    "LeftShoulder": {
        "r": [
            33.91492462158203,
            3.2821719646453857,
            -7.68394660949707
        ]
    },
    "LeftToeBase": {
        "r": [
            1.2068290710449219,
            8.423794746398926,
            2.5675251483917236
        ]
    },
    "LeftUpLeg": {
        "r": [
            3.8525543212890625,
            8.308904647827148,
            3.142717123031616
        ]
    },
    "Neck": {
        "r": [
            12.446246147155762,
            7.687601282668766e-06,
            -2.017957513089641e-06
        ]
    },
    "RIndex3End": {
        "r": [
            0.0,
            0.0,
            0.0
        ]
    },
    "RMiddle3End": {
        "r": [
            0.0,
            0.0,
            0.0
        ]
    },
    "RPinky3End": {
        "r": [
            0.0,
            0.0,
            0.0
        ]
    },
    "RRing3End": {
        "r": [
            0.0,
            0.0,
            0.0
        ]
    },
    "RThumb3End": {
        "r": [
            0.0,
            0.0,
            0.0
        ]
    },
    "RToeEnd": {
        "r": [
            0.0,
            0.0,
            0.0
        ]
    },
    "RightArm": {
        "r": [
            3.674115180969238,
            17.562868118286133,
            41.89193344116211
        ]
    },
    "RightFoot": {
        "r": [
            -3.0360584259033203,
            7.480810165405273,
            0.9130505323410034
        ]
    },
    "RightForeArm": {
        "r": [
            -4.701125621795654,
            33.72800827026367,
            -15.419108390808104
        ]
    },
    "RightHand": {
        "r": [
            -12.950879096984863,
            0.41880056262016296,
            11.075958251953125
        ]
    },
    "RightHandIndex1": {
        "r": [
            7.707655906677247,
            -6.381046772003174,
            12.252082824707031
        ]
    },
    "RightHandIndex2": {
        "r": [
            -0.1060706079006195,
            -1.431181788444519,
            11.630206108093262
        ]
    },
    "RightHandIndex3": {
        "r": [
            1.2499773447416374e-06,
            0.061320841312408454,
            -0.003559879260137677
        ]
    },
    "RightHandMiddle1": {
        "r": [
            -4.609875202178955,
            -8.537907600402832,
            15.913775444030763
        ]
    },
    "RightHandMiddle2": {
        "r": [
            -0.3635381758213043,
            -2.2377395629882812,
            19.032630920410156
        ]
    },
    "RightHandMiddle3": {
        "r": [
            -0.020709607750177383,
            -0.6268253326416016,
            2.789172649383545
        ]
    },
    "RightHandPinky1": {
        "r": [
            -28.637588500976562,
            -17.89858627319336,
            17.304964065551758
        ]
    },
    "RightHandPinky2": {
        "r": [
            -0.6080263257026672,
            -3.048762798309326,
            20.077289581298828
        ]
    },
    "RightHandPinky3": {
        "r": [
            -0.01834416389465332,
            -0.5514976978302002,
            3.208101749420166
        ]
    },
    "RightHandRing1": {
        "r": [
            -14.588299751281738,
            -11.198673248291016,
            13.398018836975098
        ]
    },
    "RightHandRing2": {
        "r": [
            -0.8160991668701172,
            -3.227555751800537,
            26.196849822998047
        ]
    },
    "RightHandRing3": {
        "r": [
            -0.05612581595778465,
            -1.0297887325286865,
            4.526907444000244
        ]
    },
    "RightHandThumb1": {
        "r": [
            82.69429779052734,
            29.998678207397464,
            24.98073387145996
        ]
    },
    "RightHandThumb2": {
        "r": [
            -1.4823604822158813,
            -9.090903282165527,
            19.17497444152832
        ]
    },